malwani1@dds1,:EU,Pass2345,35
sdesddlo@dds1,:EU,pass1234,35
umishra@sjb,:NA,Welcome1,22
perfuk01@dds1,:EU,perfuk01,35
perfuk02@dds1,:EU,perfuk02,35
perfuk03@dds1,:EU,perfuk03,35
perfuk04@dds1,:EU,perfuk04,35
perfuk05@dds1,:EU,perfuk05,35
perfuk06@dds1,:EU,perfuk06,35
perfuk07@dds1,:EU,perfuk07,35
perfuk08@dds1,:EU,perfuk08,35
perfuk09@dds1,:EU,perfuk09,35
perfuk10@dds1,:EU,perfuk10,35
perfuk11@dds1,:EU,perfuk11,35
perfuk12@dds1,:EU,perfuk12,35
perfuk13@dds1,:EU,perfuk13,35
perfuk14@dds1,:EU,perfuk14,35
perfuk15@dds1,:EU,perfuk15,35
q1ipgydy@ipg.com,,a12345!,
q2ipgydy@ipg.com,,a12345!,
q3ipgydy@ipg.com,,a12345!,
q4ipgydy@ipg.com,,a12345!,
q5ipgydy@ipg.com,,a12345!,
q6ipgydy@ipg.com,,a12345!,
q6ipgydy@ipg.com,,a12345!,
q7ipgydy@ipg.com,,a12345!,
q8ipgydy@ipg.com,,a12345!,
q9ipgydy@ipg.com,,a12345!,
Lionel l@mbs.com,,test,
